line_id,n_nodes,n_edges,total_usage,start_lat,start_lon,end_lat,end_lon
0,135,197,10908.0,37.6378202,127.0593743,37.65843,126.9464261
1,24,23,1108.0,37.5003552,127.073777,37.5176977,127.0075348
2,9,8,256.0,37.5174247,127.1309598,37.5246037,127.10236
